run_id,seed,households,firms_active,private_firms_active,firms_queued,tick,tick_after,phase,tick_duration_ms,rss_mb,unemployment_rate,error
sim-households-1000-seed-42,42,1000,4,0,40,0,1,warmup,109.022,59.546875,0.425,
sim-households-1000-seed-42,42,1000,4,0,40,1,2,warmup,14.157,59.546875,0.0,
sim-households-1000-seed-42,42,1000,4,0,40,2,3,warmup,11.119,59.578125,0.0,
sim-households-1000-seed-42,42,1000,4,0,40,3,4,warmup,11.058,59.578125,0.0,
sim-households-1000-seed-42,42,1000,4,0,40,4,5,warmup,10.925,59.578125,0.0,
sim-households-1000-seed-42,42,1000,4,0,40,5,6,warmup,82.225,59.578125,0.0,
sim-households-1000-seed-42,42,1000,4,0,40,6,7,warmup,11.104,59.59375,0.0,
sim-households-1000-seed-42,42,1000,4,0,40,7,8,warmup,11.605,59.59375,0.0,
sim-households-1000-seed-42,42,1000,4,0,40,8,9,warmup,11.135,59.59375,0.0,
sim-households-1000-seed-42,42,1000,4,0,40,9,10,warmup,12.021,59.59375,0.0,
sim-households-1000-seed-42,42,1000,15,11,30,10,11,private_firm_ramp,90.455,60.109375,0.458,
sim-households-1000-seed-42,42,1000,25,21,20,11,12,private_firm_ramp,14.39,60.15625,0.373,
sim-households-1000-seed-42,42,1000,35,31,10,12,13,private_firm_ramp,15.29,60.28125,0.123,
sim-households-1000-seed-42,42,1000,36,32,9,13,14,private_firm_ramp,14.47,60.296875,0.05,
sim-households-1000-seed-42,42,1000,36,32,9,14,15,private_firm_ramp,14.586,60.328125,0.102,
sim-households-1000-seed-42,42,1000,36,32,9,15,16,private_firm_ramp,95.544,61.234375,0.068,
sim-households-1000-seed-42,42,1000,36,32,9,16,17,private_firm_ramp,16.56,61.28125,0.068,
sim-households-1000-seed-42,42,1000,36,32,9,17,18,private_firm_ramp,16.463,61.28125,0.085,
sim-households-1000-seed-42,42,1000,36,32,9,18,19,private_firm_ramp,16.78,61.28125,0.076,
sim-households-1000-seed-42,42,1000,36,32,9,19,20,private_firm_ramp,16.608,61.375,0.056,
sim-households-1000-seed-42,42,1000,36,32,9,20,21,private_firm_ramp,99.077,62.375,0.08,
sim-households-1000-seed-42,42,1000,36,32,9,21,22,private_firm_ramp,20.051,62.546875,0.081,
sim-households-1000-seed-42,42,1000,36,32,9,22,23,private_firm_ramp,19.349,62.65625,0.079,
sim-households-1000-seed-42,42,1000,36,32,9,23,24,private_firm_ramp,19.343,62.671875,0.058,
sim-households-1000-seed-42,42,1000,36,32,9,24,25,private_firm_ramp,19.214,62.71875,0.093,
sim-households-1000-seed-42,42,1000,36,32,9,25,26,private_firm_ramp,103.399,64.234375,0.106,
sim-households-1000-seed-42,42,1000,36,32,9,26,27,private_firm_ramp,28.048,64.484375,0.091,
sim-households-1000-seed-42,42,1000,36,32,9,27,28,private_firm_ramp,23.185,64.75,0.05,
sim-households-1000-seed-42,42,1000,36,32,9,28,29,private_firm_ramp,22.929,64.75,0.071,
sim-households-1000-seed-42,42,1000,36,32,9,29,30,private_firm_ramp,23.029,64.765625,0.061,
sim-households-1000-seed-42,42,1000,36,32,9,30,31,private_firm_ramp,108.959,66.671875,0.084,
sim-households-1000-seed-42,42,1000,36,32,9,31,32,private_firm_ramp,25.322,66.90625,0.079,
sim-households-1000-seed-42,42,1000,36,32,9,32,33,private_firm_ramp,25.973,66.96875,0.103,
sim-households-1000-seed-42,42,1000,35,31,9,33,34,private_firm_ramp,24.954,66.96875,0.104,
sim-households-1000-seed-42,42,1000,36,32,8,34,35,private_firm_ramp,25.074,66.96875,0.097,
sim-households-1000-seed-42,42,1000,36,32,8,35,36,private_firm_ramp,110.763,68.53125,0.097,
sim-households-1000-seed-42,42,1000,36,32,8,36,37,private_firm_ramp,27.637,68.6875,0.11,
sim-households-1000-seed-42,42,1000,35,31,8,37,38,private_firm_ramp,28.053,68.796875,0.116,
sim-households-1000-seed-42,42,1000,36,32,7,38,39,private_firm_ramp,28.344,68.796875,0.092,
sim-households-1000-seed-42,42,1000,36,32,7,39,40,private_firm_ramp,27.164,68.796875,0.097,
sim-households-1000-seed-42,42,1000,35,31,7,40,41,private_firm_ramp,113.742,69.5625,0.095,
sim-households-1000-seed-42,42,1000,35,31,6,41,42,private_firm_ramp,30.488,69.65625,0.125,
sim-households-1000-seed-42,42,1000,35,31,5,42,43,private_firm_ramp,29.622,69.65625,0.1,
sim-households-1000-seed-42,42,1000,35,31,4,43,44,private_firm_ramp,34.247,69.65625,0.177,
sim-households-1000-seed-42,42,1000,36,32,3,44,45,private_firm_ramp,28.028,69.65625,0.22,
sim-households-1000-seed-42,42,1000,35,31,3,45,46,private_firm_ramp,114.947,70.15625,0.168,
sim-households-1000-seed-42,42,1000,35,31,2,46,47,private_firm_ramp,30.432,70.28125,0.187,
sim-households-1000-seed-42,42,1000,36,32,1,47,48,private_firm_ramp,29.897,70.28125,0.116,
sim-households-1000-seed-42,42,1000,35,31,1,48,49,private_firm_ramp,29.859,70.296875,0.141,
sim-households-1000-seed-42,42,1000,36,32,0,49,50,full_private_market,29.726,70.296875,0.105,
sim-households-1000-seed-42,42,1000,35,31,0,50,51,full_private_market,121.855,70.75,0.134,
sim-households-1000-seed-42,42,1000,35,31,0,51,52,full_private_market,30.175,70.90625,0.2,
sim-households-1000-seed-42,42,1000,35,31,0,52,53,full_private_market,31.995,70.90625,0.114,
sim-households-1000-seed-42,42,1000,35,31,0,53,54,full_private_market,31.336,70.90625,0.163,
sim-households-1000-seed-42,42,1000,35,31,0,54,55,full_private_market,31.076,70.90625,0.078,
sim-households-1000-seed-42,42,1000,35,31,0,55,56,full_private_market,117.477,71.828125,0.165,
sim-households-1000-seed-42,42,1000,35,31,0,56,57,full_private_market,32.623,71.84375,0.165,
sim-households-1000-seed-42,42,1000,35,31,0,57,58,full_private_market,39.531,71.84375,0.197,
sim-households-1000-seed-42,42,1000,35,31,0,58,59,full_private_market,32.692,71.84375,0.177,
sim-households-1000-seed-42,42,1000,34,30,0,59,60,full_private_market,32.456,71.84375,0.149,
sim-households-1000-seed-42,42,1000,34,30,0,60,61,full_private_market,122.005,72.578125,0.149,
sim-households-1000-seed-42,42,1000,34,30,0,61,62,full_private_market,34.474,72.75,0.201,
sim-households-1000-seed-42,42,1000,33,29,0,62,63,full_private_market,35.435,72.796875,0.203,
sim-households-1000-seed-42,42,1000,33,29,0,63,64,full_private_market,34.182,72.84375,0.248,
sim-households-1000-seed-42,42,1000,32,28,0,64,65,full_private_market,34.51,72.84375,0.238,
sim-households-1000-seed-42,42,1000,32,28,0,65,66,full_private_market,122.394,73.171875,0.211,
sim-households-1000-seed-42,42,1000,31,27,0,66,67,full_private_market,35.656,73.1875,0.238,
sim-households-1000-seed-42,42,1000,31,27,0,67,68,full_private_market,34.125,73.25,0.265,
sim-households-1000-seed-42,42,1000,31,27,0,68,69,full_private_market,35.953,73.25,0.217,
sim-households-1000-seed-42,42,1000,31,27,0,69,70,full_private_market,35.105,73.25,0.208,
sim-households-1000-seed-42,42,1000,30,26,0,70,71,full_private_market,130.029,73.296875,0.254,
sim-households-1000-seed-42,42,1000,30,26,0,71,72,full_private_market,35.614,73.296875,0.264,
sim-households-1000-seed-42,42,1000,30,26,0,72,73,full_private_market,34.885,73.296875,0.192,
sim-households-1000-seed-42,42,1000,30,26,0,73,74,full_private_market,34.337,73.296875,0.242,
sim-households-1000-seed-42,42,1000,30,26,0,74,75,full_private_market,34.487,73.296875,0.244,
sim-households-1000-seed-42,42,1000,30,26,0,75,76,full_private_market,124.253,73.296875,0.139,
sim-households-1000-seed-42,42,1000,30,26,0,76,77,full_private_market,36.048,73.296875,0.193,
sim-households-1000-seed-42,42,1000,30,26,0,77,78,full_private_market,37.186,73.375,0.133,
sim-households-1000-seed-42,42,1000,30,26,0,78,79,full_private_market,37.577,73.546875,0.136,
sim-households-1000-seed-42,42,1000,30,26,0,79,80,full_private_market,38.686,73.5625,0.118,
sim-households-1000-seed-42,42,1000,30,26,0,80,81,full_private_market,126.222,74.296875,0.183,
sim-households-1000-seed-42,42,1000,30,26,0,81,82,full_private_market,42.278,74.296875,0.207,
sim-households-1000-seed-42,42,1000,29,25,0,82,83,full_private_market,35.305,74.296875,0.161,
sim-households-1000-seed-42,42,1000,30,26,0,83,84,full_private_market,32.777,74.296875,0.22,
sim-households-1000-seed-42,42,1000,30,26,0,84,85,full_private_market,32.878,74.296875,0.227,
sim-households-1000-seed-42,42,1000,30,26,0,85,86,full_private_market,123.743,74.59375,0.186,
sim-households-1000-seed-42,42,1000,30,26,0,86,87,full_private_market,35.812,74.59375,0.207,
sim-households-1000-seed-42,42,1000,30,26,0,87,88,full_private_market,36.003,74.59375,0.202,
sim-households-1000-seed-42,42,1000,30,26,0,88,89,full_private_market,35.483,74.59375,0.18,
sim-households-1000-seed-42,42,1000,30,26,0,89,90,full_private_market,34.66,74.640625,0.157,
sim-households-1000-seed-42,42,1000,30,26,0,90,91,full_private_market,123.843,74.703125,0.149,
sim-households-1000-seed-42,42,1000,30,26,0,91,92,full_private_market,38.186,74.703125,0.128,
sim-households-1000-seed-42,42,1000,30,26,0,92,93,full_private_market,37.431,74.734375,0.077,
sim-households-1000-seed-42,42,1000,30,26,0,93,94,full_private_market,36.793,74.75,0.109,
sim-households-1000-seed-42,42,1000,30,26,0,94,95,full_private_market,47.312,74.75,0.162,
sim-households-1000-seed-42,42,1000,30,26,0,95,96,full_private_market,123.432,74.875,0.126,
sim-households-1000-seed-42,42,1000,30,26,0,96,97,full_private_market,38.516,74.9375,0.143,
sim-households-1000-seed-42,42,1000,29,25,0,97,98,full_private_market,37.576,74.96875,0.139,
sim-households-1000-seed-42,42,1000,30,26,0,98,99,full_private_market,35.409,74.984375,0.197,
sim-households-1000-seed-42,42,1000,30,26,0,99,100,full_private_market,35.387,74.984375,0.16,
